mblog_id,created_at,imgurl_list,scheme,text
4180206639902980,2017-12-01,['https://wx1.sinaimg.cn/large/9d7a05e3gy1fm1f7awbk3j20qo0v1wid.jpg'],https://m.weibo.cn/status/FxExxFydu?mblogid=FxExxFydu&luicode=10000011&lfid=1076032642019811,ğŸ’ 
4553760191285690,09-27,"['https://wx3.sinaimg.cn/large/9d7a05e3gy1gj558120lrj20v91vob2a.jpg', 'https://wx3.sinaimg.cn/large/9d7a05e3gy1gj5582asywj210c1ipnpd.jpg']",https://m.weibo.cn/status/JmyxZ5osW?mblogid=JmyxZ5osW&luicode=10000011&lfid=1076032642019811,"å¥½æ°”å¥½æ°” äº‘é¡¶æˆ‘æ€ä¹ˆè¿™ä¹ˆèœ<a  href=""https://m.weibo.cn/search?containerid=231522type%3D1%26t%3D10%26q%3D%23%E4%BA%91%E9%A1%B6%E4%B9%8B%E5%BC%88%23&extparam=%23%E4%BA%91%E9%A1%B6%E4%B9%8B%E5%BC%88%23&luicode=10000011&lfid=1076032642019811"" data-hide=""""><span class=""surl-text"">#äº‘é¡¶ä¹‹å¼ˆ#</span></a> "
4548267083830620,09-12,"['https://wx3.sinaimg.cn/large/9d7a05e3gy1gj558120lrj20v91vob2a.jpg', 'https://wx3.sinaimg.cn/large/9d7a05e3gy1gj5582asywj210c1ipnpd.jpg']",https://m.weibo.cn/status/JkfE8g4wc?mblogid=JkfE8g4wc&luicode=10000011&lfid=1076032642019811,è½¬å‘å¾®åš
4543406477673305,08-29,"['https://wx3.sinaimg.cn/large/9d7a05e3gy1gi83vdofvkj22c03401kz.jpg', 'https://wx4.sinaimg.cn/large/9d7a05e3gy1gi844ohwglj216o1n8b2a.jpg', 'https://wx4.sinaimg.cn/large/9d7a05e3gy1gi83vek8tsj216o1kwnkr.jpg', 'https://wx4.sinaimg.cn/large/9d7a05e3gy1gi844n1d76j216o1kwnjc.jpg']",https://m.weibo.cn/status/JidcrwcaZ?mblogid=JidcrwcaZ&luicode=10000011&lfid=1076032642019811,å¥½ä¹…ä¸è§å‘€ è®°å¾—ç‚¹ç‚¹èµå‘€ 
4524980991929275,07-10,"['https://wx3.sinaimg.cn/large/9d7a05e3gy1gi83vdofvkj22c03401kz.jpg', 'https://wx4.sinaimg.cn/large/9d7a05e3gy1gi844ohwglj216o1n8b2a.jpg', 'https://wx4.sinaimg.cn/large/9d7a05e3gy1gi83vek8tsj216o1kwnkr.jpg', 'https://wx4.sinaimg.cn/large/9d7a05e3gy1gi844n1d76j216o1kwnjc.jpg']",https://m.weibo.cn/status/JatRV85Tl?mblogid=JatRV85Tl&luicode=10000011&lfid=1076032642019811,"<a data-url=""http://t.cn/A6yxPqyz"" href=""https://m.weibo.cn/p/index?containerid=231601_2642019811_1_159432300060&luicode=10000011&lfid=1076032642019811"" data-hide=""""><span class='url-icon'><img style='width: 1rem;height: 1rem' src='https://h5.sinaimg.cn/upload/2015/09/25/3/timeline_card_small_web_default.png'></span><span class=""surl-text"">ä»Šå¤©æ˜¯æˆ‘çš„ç”Ÿæ—¥07æœˆ10æ—¥ï¼Œæ¥ç¥ç¦æˆ‘å§~</span></a>"
4519003123307605,06-23,"['https://wx3.sinaimg.cn/large/9d7a05e3gy1gi83vdofvkj22c03401kz.jpg', 'https://wx4.sinaimg.cn/large/9d7a05e3gy1gi844ohwglj216o1n8b2a.jpg', 'https://wx4.sinaimg.cn/large/9d7a05e3gy1gi83vek8tsj216o1kwnkr.jpg', 'https://wx4.sinaimg.cn/large/9d7a05e3gy1gi844n1d76j216o1kwnjc.jpg']",https://m.weibo.cn/status/J7YmcdSst?mblogid=J7YmcdSst&luicode=10000011&lfid=1076032642019811,"å‡è‚¥å‡è‚¥ <a data-url=""http://t.cn/A6LY7LVc"" href=""https://m.weibo.cn/feature/openapp?scheme=sinaweibo%3A%2F%2Fstory%2Fvertical_stream%3Fobject_id%3D1034%3A4519002941095969%26blog_mid%3D%26url_type%3D39%26object_type%3Dvideo%26pos%3D1&object_id=1034%3A4519002941095969&blog_mid=&url_type=39&object_type=video&pos=1&luicode=10000011&lfid=1076032642019811&object_id=1034%3A4519002941095969&blog_mid=&url_type=39&object_type=video&pos=1&luicode=10000011&lfid=1076032642019811"" data-hide=""""><span class='url-icon'><img style='width: 1rem;height: 1rem' src='https://h5.sinaimg.cn/upload/2015/09/25/3/timeline_card_small_video_default.png'></span><span class=""surl-text"">çºªé¦™èŠ½ç±½çš„å¾®åšè§†é¢‘</span></a> "
4515078265021639,06-12,"['https://wx3.sinaimg.cn/large/9d7a05e3gy1gi83vdofvkj22c03401kz.jpg', 'https://wx4.sinaimg.cn/large/9d7a05e3gy1gi844ohwglj216o1n8b2a.jpg', 'https://wx4.sinaimg.cn/large/9d7a05e3gy1gi83vek8tsj216o1kwnkr.jpg', 'https://wx4.sinaimg.cn/large/9d7a05e3gy1gi844n1d76j216o1kwnjc.jpg']",https://m.weibo.cn/status/J6kfMl4mb?mblogid=J6kfMl4mb&luicode=10000011&lfid=1076032642019811,"ç©¿ä¸è¢œæ˜¯ä¸ºäº†é®ä½è…¿æ¯›å— <a data-url=""http://t.cn/R2Wxpw9"" href=""https://m.weibo.cn/p/index?containerid=23065700428008631000000000000&luicode=10000011&lfid=1076032642019811"" data-hide=""""><span class='url-icon'><img style='width: 1rem;height: 1rem' src='https://h5.sinaimg.cn/upload/2015/09/25/3/timeline_card_small_location_default.png'></span><span class=""surl-text"">ä¸Šæµ·</span></a> <a data-url=""http://t.cn/A6LzBkEP"" href=""https://m.weibo.cn/feature/openapp?scheme=sinaweibo%3A%2F%2Fstory%2Fvertical_stream%3Fobject_id%3D1034%3A4515077869731872%26blog_mid%3D%26url_type%3D39%26object_type%3Dvideo%26pos%3D1&object_id=1034%3A4515077869731872&blog_mid=&url_type=39&object_type=video&pos=1&luicode=10000011&lfid=1076032642019811&object_id=1034%3A4515077869731872&blog_mid=&url_type=39&object_type=video&pos=1&luicode=10000011&lfid=1076032642019811"" data-hide=""""><span class='url-icon'><img style='width: 1rem;height: 1rem' src='https://h5.sinaimg.cn/upload/2015/09/25/3/timeline_card_small_video_default.png'></span><span class=""surl-text"">çºªé¦™èŠ½ç±½çš„å¾®åšè§†é¢‘</span></a> "
4514755480451350,06-11,"['https://wx4.sinaimg.cn/large/9d7a05e3ly1gfoplo5mlkj21fg200kjm.jpg', 'https://wx1.sinaimg.cn/large/9d7a05e3ly1gfopln23isj21e01zstuo.jpg']",https://m.weibo.cn/status/J6bRa1TpQ?mblogid=J6bRa1TpQ&luicode=10000011&lfid=1076032642019811,"æœ‰æ²¡æœ‰äººå•¦ ï½é—®ä¸€ä¸‹ ä¸Šæµ·æœ‰å•¥å¥½åƒçš„å˜› <a data-url=""http://t.cn/R2Wxpw9"" href=""https://m.weibo.cn/p/index?containerid=23065700428008631000000000000&luicode=10000011&lfid=1076032642019811"" data-hide=""""><span class='url-icon'><img style='width: 1rem;height: 1rem' src='https://h5.sinaimg.cn/upload/2015/09/25/3/timeline_card_small_location_default.png'></span><span class=""surl-text"">ä¸Šæµ·</span></a> "
4513555737902942,06-08,"['https://wx1.sinaimg.cn/large/9d7a05e3ly1gfkvtl3inej20u0178guv.jpg', 'https://wx3.sinaimg.cn/large/9d7a05e3ly1gfkvtkc6iej20u01hch0e.jpg']",https://m.weibo.cn/status/J5GE5x9UO?mblogid=J5GE5x9UO&luicode=10000011&lfid=1076032642019811,"åœ¨å¹²å˜› <a data-url=""http://t.cn/R2Wxpw9"" href=""https://m.weibo.cn/p/index?containerid=23065700428008631000000000000&luicode=10000011&lfid=1076032642019811"" data-hide=""""><span class='url-icon'><img style='width: 1rem;height: 1rem' src='https://h5.sinaimg.cn/upload/2015/09/25/3/timeline_card_small_location_default.png'></span><span class=""surl-text"">ä¸Šæµ·</span></a> "
4499161708119869,04-29,['https://wx3.sinaimg.cn/large/9d7a05e3gy1geayoy1va5j21e91ztu0z.jpg'],https://m.weibo.cn/status/IFBEey4lD?mblogid=IFBEey4lD&luicode=10000011&lfid=1076032642019811,æ°é¥­æ°é¥­ 
4491616817740742,04-09,['https://wx2.sinaimg.cn/large/9d7a05e3gy1gdmw6eatz8j21hj1v31kx.jpg'],https://m.weibo.cn/status/ICrn3wtIG?mblogid=ICrn3wtIG&luicode=10000011&lfid=1076032642019811,ç²¾ç¥å°èœ 
4482484975105917,03-14,['https://wx4.sinaimg.cn/large/9d7a05e3gy1gctre8mdxrj20zk0qotex.jpg'],https://m.weibo.cn/status/IyBOhlqhv?mblogid=IyBOhlqhv&luicode=10000011&lfid=1076032642019811,. 
4476307297845045,02-26,['https://wx4.sinaimg.cn/large/9d7a05e3gy1gctre8mdxrj20zk0qotex.jpg'],https://m.weibo.cn/status/Iw16hwUQZ?mblogid=Iw16hwUQZ&luicode=10000011&lfid=1076032642019811,"ğŸŒŸæƒ³å›ä¸‰äºšæ‹‰ <a data-url=""http://t.cn/A67Zs2UM"" href=""https://m.weibo.cn/feature/openapp?scheme=sinaweibo%3A%2F%2Fstory%2Fvertical_stream%3Fobject_id%3D1034%3A4476306625331228%26blog_mid%3D%26url_type%3D39%26object_type%3Dvideo%26pos%3D1&object_id=1034%3A4476306625331228&blog_mid=&url_type=39&object_type=video&pos=1&luicode=10000011&lfid=1076032642019811&object_id=1034%3A4476306625331228&blog_mid=&url_type=39&object_type=video&pos=1&luicode=10000011&lfid=1076032642019811"" data-hide=""""><span class='url-icon'><img style='width: 1rem;height: 1rem' src='https://h5.sinaimg.cn/upload/2015/09/25/3/timeline_card_small_video_default.png'></span><span class=""surl-text"">çºªé¦™èŠ½ç±½çš„å¾®åšè§†é¢‘</span></a> "
4468728852624515,02-05,"['https://wx2.sinaimg.cn/large/9d7a05e3ly1gblviz2nb0j21hc1hc7m5.jpg', 'https://wx4.sinaimg.cn/large/9d7a05e3ly1gblviyo329j21ap1hc4gb.jpg']",https://m.weibo.cn/status/IsPWZb0KT?mblogid=IsPWZb0KT&luicode=10000011&lfid=1076032642019811,"åœ¨å®¶å‘å‘æ—§ç…§å§ <a data-url=""http://t.cn/Riwv1WO"" href=""https://m.weibo.cn/p/index?containerid=23065700428008632050000000000&luicode=10000011&lfid=1076032642019811"" data-hide=""""><span class='url-icon'><img style='width: 1rem;height: 1rem' src='https://h5.sinaimg.cn/upload/2015/09/25/3/timeline_card_small_location_default.png'></span><span class=""surl-text"">è‹å·</span></a> "
4464376855851456,01-24,"['https://wx1.sinaimg.cn/large/9d7a05e3ly1gb7zoiv3joj216u1azx6p.jpg', 'https://wx3.sinaimg.cn/large/9d7a05e3ly1gb7zp0vva3j216o1kwh6z.jpg', 'https://wx2.sinaimg.cn/large/9d7a05e3ly1gb7zok6ldxj21bt1kx1gw.jpg', 'https://wx1.sinaimg.cn/large/9d7a05e3ly1gb7zoiaallj216o1kwdxe.jpg']",https://m.weibo.cn/status/Ir0JDoyek?mblogid=Ir0JDoyek&luicode=10000011&lfid=1076032642019811,"æ–°å¹´å¿«ä¹â¤ï¸ <a data-url=""http://t.cn/Riwv1WO"" href=""https://m.weibo.cn/p/index?containerid=23065700428008632050000000000&luicode=10000011&lfid=1076032642019811"" data-hide=""""><span class='url-icon'><img style='width: 1rem;height: 1rem' src='https://h5.sinaimg.cn/upload/2015/09/25/3/timeline_card_small_location_default.png'></span><span class=""surl-text"">è‹å·</span></a> "
4461753582663511,01-17,"['https://wx1.sinaimg.cn/large/9d7a05e3ly1gb7zoiv3joj216u1azx6p.jpg', 'https://wx3.sinaimg.cn/large/9d7a05e3ly1gb7zp0vva3j216o1kwh6z.jpg', 'https://wx2.sinaimg.cn/large/9d7a05e3ly1gb7zok6ldxj21bt1kx1gw.jpg', 'https://wx1.sinaimg.cn/large/9d7a05e3ly1gb7zoiaallj216o1kwdxe.jpg']",https://m.weibo.cn/status/IpUuybaTR?mblogid=IpUuybaTR&luicode=10000011&lfid=1076032642019811,"é¥¿å•¦é¥¿å•¦é¥¿å•¦ <a data-url=""http://t.cn/A6voccfP"" href=""https://m.weibo.cn/feature/openapp?scheme=sinaweibo%3A%2F%2Fstory%2Fvertical_stream%3Fobject_id%3D1034%3A4461753359335438%26blog_mid%3D%26url_type%3D39%26object_type%3Dvideo%26pos%3D1&object_id=1034%3A4461753359335438&blog_mid=&url_type=39&object_type=video&pos=1&luicode=10000011&lfid=1076032642019811&object_id=1034%3A4461753359335438&blog_mid=&url_type=39&object_type=video&pos=1&luicode=10000011&lfid=1076032642019811"" data-hide=""""><span class='url-icon'><img style='width: 1rem;height: 1rem' src='https://h5.sinaimg.cn/upload/2015/09/25/3/timeline_card_small_video_default.png'></span><span class=""surl-text"">çºªé¦™èŠ½ç±½çš„å¾®åšè§†é¢‘</span></a> "
4458606139166130,01-08,"['https://wx1.sinaimg.cn/large/9d7a05e3ly1gb7zoiv3joj216u1azx6p.jpg', 'https://wx3.sinaimg.cn/large/9d7a05e3ly1gb7zp0vva3j216o1kwh6z.jpg', 'https://wx2.sinaimg.cn/large/9d7a05e3ly1gb7zok6ldxj21bt1kx1gw.jpg', 'https://wx1.sinaimg.cn/large/9d7a05e3ly1gb7zoiaallj216o1kwdxe.jpg']",https://m.weibo.cn/status/IoAC1CswO?mblogid=IoAC1CswO&luicode=10000011&lfid=1076032642019811,"å–‚èšŠå­ä¹‹æ—… è…¿ä¸Šæ˜¯çº¹èº«è´´ <span class=""url-icon""><img alt=[å…”å­] src=""https://h5.sinaimg.cn/m/emoticon/icon/others/d_tuzi-d2b0222faa.png"" style=""width:1em; height:1em;"" /></span> <a data-url=""http://t.cn/R3ZBCvS"" href=""https://m.weibo.cn/p/index?containerid=23065700428008646020000000000&luicode=10000011&lfid=1076032642019811"" data-hide=""""><span class='url-icon'><img style='width: 1rem;height: 1rem' src='https://h5.sinaimg.cn/upload/2015/09/25/3/timeline_card_small_location_default.png'></span><span class=""surl-text"">ä¸‰äºš</span></a> <a data-url=""http://t.cn/Ais99jiy"" href=""https://m.weibo.cn/feature/openapp?scheme=sinaweibo%3A%2F%2Fstory%2Fvertical_stream%3Fobject_id%3D1034%3A4458606100152329%26blog_mid%3D%26url_type%3D39%26object_type%3Dvideo%26pos%3D1&object_id=1034%3A4458606100152329&blog_mid=&url_type=39&object_type=video&pos=1&luicode=10000011&lfid=1076032642019811&object_id=1034%3A4458606100152329&blog_mid=&url_type=39&object_type=video&pos=1&luicode=10000011&lfid=1076032642019811"" data-hide=""""><span class='url-icon'><img style='width: 1rem;height: 1rem' src='https://h5.sinaimg.cn/upload/2015/09/25/3/timeline_card_small_video_default.png'></span><span class=""surl-text"">çºªé¦™èŠ½ç±½çš„å¾®åšè§†é¢‘</span></a> "
4455715948873812,01-01,"['https://wx4.sinaimg.cn/large/9d7a05e3gy1gagcz5tv8kj20u014wnpd.jpg', 'https://wx2.sinaimg.cn/large/9d7a05e3gy1gagd0b2q9nj20tc0z3u0x.jpg']",https://m.weibo.cn/status/InnqqBeu0?mblogid=InnqqBeu0&luicode=10000011&lfid=1076032642019811,æ–°å¹´å¿«ä¹ çˆ±ä½ èŒï½â¤ï¸ 
4453490401000143,2019-12-25,"['https://wx2.sinaimg.cn/large/9d7a05e3gy1ga994rorzsj211k0u0jy4.jpg', 'https://wx1.sinaimg.cn/large/9d7a05e3gy1ga995jjw0xj219v10r1ky.jpg']",https://m.weibo.cn/status/ImrwQ4cbl?mblogid=ImrwQ4cbl&luicode=10000011&lfid=1076032642019811,"åœ£è¯å¿«ä¹ğŸ…ğŸ„ğŸğŸ‰ğŸ¥³è¦ç¤¼ç‰©å˜› <a data-url=""http://t.cn/R3ZBCvS"" href=""https://m.weibo.cn/p/index?containerid=23065700428008646020000000000&luicode=10000011&lfid=1076032642019811"" data-hide=""""><span class='url-icon'><img style='width: 1rem;height: 1rem' src='https://h5.sinaimg.cn/upload/2015/09/25/3/timeline_card_small_location_default.png'></span><span class=""surl-text"">ä¸‰äºš</span></a> "
4452234928171401,2019-12-22,"['https://wx1.sinaimg.cn/large/9d7a05e3gy1ga596cl47ej20tr0zl4gf.jpg', 'https://wx1.sinaimg.cn/large/9d7a05e3gy1ga596d5medj20rl0tgdn9.jpg', 'https://wx3.sinaimg.cn/large/9d7a05e3gy1ga596e6755j21ho1ty4qp.jpg', 'https://wx2.sinaimg.cn/large/9d7a05e3gy1ga596f6hl8j21o01w2npd.jpg']",https://m.weibo.cn/status/IlURSyhKN?mblogid=IlURSyhKN&luicode=10000011&lfid=1076032642019811,"åˆ†äº«å›¾ç‰‡ <a data-url=""http://t.cn/R3ZBCvS"" href=""https://m.weibo.cn/p/index?containerid=23065700428008646020000000000&luicode=10000011&lfid=1076032642019811"" data-hide=""""><span class='url-icon'><img style='width: 1rem;height: 1rem' src='https://h5.sinaimg.cn/upload/2015/09/25/3/timeline_card_small_location_default.png'></span><span class=""surl-text"">ä¸‰äºš</span></a> "
4444040081102019,2019-11-29,['https://wx4.sinaimg.cn/large/9d7a05e3ly1g9f429w0eyj21fi1xc1kx.jpg'],https://m.weibo.cn/status/IitGo4CGv?mblogid=IitGo4CGv&luicode=10000011&lfid=1076032642019811,çœŸçš„ä¸€ç‚¹ä¹Ÿä¸å†· 
4440062894316270,2019-11-18,['https://wx4.sinaimg.cn/large/9d7a05e3ly1g9f429w0eyj21fi1xc1kx.jpg'],https://m.weibo.cn/status/IgOdzi6Rg?mblogid=IgOdzi6Rg&luicode=10000011&lfid=1076032642019811,ï¼Ÿï¼Ÿï¼Ÿ
4438579314904444,2019-11-14,['https://wx2.sinaimg.cn/large/9d7a05e3gy1g8xowgrktcj22c03404qq.jpg'],https://m.weibo.cn/status/IgbCHkzRW?mblogid=IgbCHkzRW&luicode=10000011&lfid=1076032642019811,ğŸ‰ 
4434558235524207,2019-11-03,"['https://wx1.sinaimg.cn/large/9d7a05e3ly1g8kv2dmyj4j21zk1zkqv5.jpg', 'https://wx3.sinaimg.cn/large/9d7a05e3ly1g8kv2ctomoj22c02c04qq.jpg']",https://m.weibo.cn/status/Iev15nb67?mblogid=Iev15nb67&luicode=10000011&lfid=1076032642019811,æˆ‘å¤ªå–œæ¬¢åƒè‚‰å’Œç”œå“äº† 
4421437827376312,2019-09-28,['https://wx2.sinaimg.cn/large/9d7a05e3ly1g7f088lssej21e91zk1l0.jpg'],https://m.weibo.cn/status/I8ZH8uWUM?mblogid=I8ZH8uWUM&luicode=10000011&lfid=1076032642019811,"æŠŠå¿ƒç»™æˆ‘â¤ï¸ <a data-url=""http://t.cn/Riwv1WO"" href=""https://m.weibo.cn/p/index?containerid=23065700428008632050000000000&luicode=10000011&lfid=1076032642019811"" data-hide=""""><span class='url-icon'><img style='width: 1rem;height: 1rem' src='https://h5.sinaimg.cn/upload/2015/09/25/3/timeline_card_small_location_default.png'></span><span class=""surl-text"">è‹å·</span></a> "
4419303333497361,2019-09-22,['https://wx2.sinaimg.cn/large/9d7a05e3ly1g7f088lssej21e91zk1l0.jpg'],https://m.weibo.cn/status/I86apeFP3?mblogid=I86apeFP3&luicode=10000011&lfid=1076032642019811,å¤©æ°”å‡‰äº† çœŸå¥½ 
4417622000740702,2019-09-17,"['https://wx3.sinaimg.cn/large/9d7a05e3ly1g72tte1a7pj21eu202x45.jpg', 'https://wx4.sinaimg.cn/large/9d7a05e3ly1g72tpubua6j24h066ox6r.jpg', 'https://wx2.sinaimg.cn/large/9d7a05e3ly1g72tpl8uvrj21e5202h9b.jpg', 'https://wx3.sinaimg.cn/large/9d7a05e3ly1g72tzjn07ej21fu2067rf.jpg']",https://m.weibo.cn/status/I7oqA36GO?mblogid=I7oqA36GO&luicode=10000011&lfid=1076032642019811,"å»ºè®®å’Œå·¨èŸ¹åº§è°ˆæ‹çˆ± <a data-url=""http://t.cn/R2WxQOQ"" href=""https://m.weibo.cn/p/index?containerid=23065700428008642010000000000&luicode=10000011&lfid=1076032642019811"" data-hide=""""><span class='url-icon'><img style='width: 1rem;height: 1rem' src='https://h5.sinaimg.cn/upload/2015/09/25/3/timeline_card_small_location_default.png'></span><span class=""surl-text"">æ­¦æ±‰</span></a> "
4413611013079886,2019-09-06,['https://wx4.sinaimg.cn/large/9d7a05e3ly1g6q1bteqj9j21gd1zlqnz.jpg'],https://m.weibo.cn/status/I5I5fcVdA?mblogid=I5I5fcVdA&luicode=10000011&lfid=1076032642019811,è®°å¾—åŒå‡»ä¹ˆä¹ˆå“’ 
4398733515390578,2019-07-27,"['https://wx2.sinaimg.cn/large/9d7a05e3ly1g5ekmomwb9j21vo0v9u17.jpg', 'https://wx1.sinaimg.cn/large/9d7a05e3ly1g5ekmj1puij21vo0v91l6.jpg', 'https://wx3.sinaimg.cn/large/9d7a05e3ly1g5ekmej91mj21vo0v9qvf.jpg', 'https://wx1.sinaimg.cn/large/9d7a05e3ly1g5ekm4qe1nj21vo0v9x6v.jpg', 'https://wx1.sinaimg.cn/large/9d7a05e3ly1g5ekmxthhcj21vo0v9npo.jpg', 'https://wx3.sinaimg.cn/large/9d7a05e3ly1g5eknn3h6lj21vo0v9b2d.jpg']",https://m.weibo.cn/status/HFqvBmCkO?mblogid=HFqvBmCkO&luicode=10000011&lfid=1076032642019811,"<a  href=""https://m.weibo.cn/search?containerid=231522type%3D1%26t%3D10%26q%3D%23%E9%BE%99%E6%97%8F%E5%B9%BB%E6%83%B3%23&extparam=%23%E9%BE%99%E6%97%8F%E5%B9%BB%E6%83%B3%23&luicode=10000011&lfid=1076032642019811"" data-hide=""""><span class=""surl-text"">#é¾™æ—å¹»æƒ³#</span></a> å¤ªå¥½ç©å’¯ "
4394779426820267,2019-07-16,['https://wx3.sinaimg.cn/large/9d7a05e3ly1g51yjf3didj219l1ik1kz.jpg'],https://m.weibo.cn/status/HDLE2sCgj?mblogid=HDLE2sCgj&luicode=10000011&lfid=1076032642019811,æˆ‘æ¥å•¦ï½ 
4392331593366823,2019-07-10,['https://wx3.sinaimg.cn/large/9d7a05e3ly1g51yjf3didj219l1ik1kz.jpg'],https://m.weibo.cn/status/HCJXVe7RB?mblogid=HCJXVe7RB&luicode=10000011&lfid=1076032642019811,"<a data-url=""http://t.cn/AiOuJ0BG"" href=""https://m.weibo.cn/p/index?containerid=2311982642019811&luicode=10000011&lfid=1076032642019811"" data-hide=""""><span class='url-icon'><img style='width: 1rem;height: 1rem' src='https://h5.sinaimg.cn/upload/2015/09/25/3/timeline_card_small_web_default.png'></span><span class=""surl-text"">ç¥ä½ ç”Ÿæ—¥å¿«ä¹</span></a>"
4359289864727635,2019-04-09,"['https://wx4.sinaimg.cn/large/9d7a05e3ly1g1wqmqby9jj21ao1sk1kx.jpg', 'https://wx4.sinaimg.cn/large/9d7a05e3ly1g1wqmqp6gsj21bw1tqh97.jpg']",https://m.weibo.cn/status/HoSoOjPSb?mblogid=HoSoOjPSb&luicode=10000011&lfid=1076032642019811,"é€‰ä¸€ä¸ª <span class=""url-icon""><img alt=[å…”å­] src=""https://h5.sinaimg.cn/m/emoticon/icon/others/d_tuzi-d2b0222faa.png"" style=""width:1em; height:1em;"" /></span> "
4350488893301540,2019-03-16,"['https://wx2.sinaimg.cn/large/9d7a05e3ly1g14ns54dbuj20u015f1jh.jpg', 'https://wx2.sinaimg.cn/large/9d7a05e3ly1g14nu3b2t1j21cg1sgkcy.jpg']",https://m.weibo.cn/status/HlbrHdQSE?mblogid=HlbrHdQSE&luicode=10000011&lfid=1076032642019811,æƒ³åƒç”œç­’ğŸ¦ 
4349788151215607,2019-03-14,"['https://wx2.sinaimg.cn/large/9d7a05e3ly1g14ns54dbuj20u015f1jh.jpg', 'https://wx2.sinaimg.cn/large/9d7a05e3ly1g14nu3b2t1j21cg1sgkcy.jpg']",https://m.weibo.cn/status/HkTdt56ez?mblogid=HkTdt56ez&luicode=10000011&lfid=1076032642019811,"åˆ†äº«æˆ‘çš„æ•…äº‹ <a data-url=""http://t.cn/EMngMII"" href=""https://m.weibo.cn/c/story/player?oid=1042151%3A4349788146096141&luicode=10000011&lfid=1076032642019811"" data-hide=""""><span class='url-icon'><img style='width: 1rem;height: 1rem' src='https://h5.sinaimg.cn/upload/2015/09/25/3/timeline_card_small_video_default.png'></span><span class=""surl-text"">å¾®åšè§†é¢‘</span></a> "
4337397514954658,2019-02-08,"['https://wx2.sinaimg.cn/large/9d7a05e3ly1g14ns54dbuj20u015f1jh.jpg', 'https://wx2.sinaimg.cn/large/9d7a05e3ly1g14nu3b2t1j21cg1sgkcy.jpg']",https://m.weibo.cn/status/HfGSzkMVQ?mblogid=HfGSzkMVQ&luicode=10000011&lfid=1076032642019811,æ‰“æ¸¸æˆå˜› 
4332431496392211,2019-01-25,['https://wx2.sinaimg.cn/large/9d7a05e3ly1fzj1ysc7p2j22c02c01l1.jpg'],https://m.weibo.cn/status/HdBGRqOUb?mblogid=HdBGRqOUb&luicode=10000011&lfid=1076032642019811,"<a  href=""https://m.weibo.cn/search?containerid=231522type%3D1%26t%3D10%26q%3D%23dota2%23&isnewpage=1&luicode=10000011&lfid=1076032642019811"" data-hide=""""><span class=""surl-text"">#dota2#</span></a><a  href=""https://m.weibo.cn/search?containerid=231522type%3D1%26t%3D10%26q%3D%23%E8%87%AA%E8%A1%8C%E6%A3%8B%23&extparam=%23%E8%87%AA%E8%A1%8C%E6%A3%8B%23&luicode=10000011&lfid=1076032642019811"" data-hide=""""><span class=""surl-text"">#è‡ªè¡Œæ£‹#</span></a> è‡ªè¡Œæ£‹ä¹Ÿå¤ªå¥½ç©äº†å­<span class=""url-icon""><img alt=[æ†§æ†¬] src=""https://h5.sinaimg.cn/m/emoticon/icon/default/d_xingxingyan-c64b6a744b.png"" style=""width:1em; height:1em;"" /></span>ç¬¬ä¸€æ¬¡åƒé¸¡ æ˜¯ç”¨æˆ˜å£«çš„<span class=""url-icon""><img alt=[æ†§æ†¬] src=""https://h5.sinaimg.cn/m/emoticon/icon/default/d_xingxingyan-c64b6a744b.png"" style=""width:1em; height:1em;"" /></span> "
4332420775422206,2019-01-25,['https://wx2.sinaimg.cn/large/9d7a05e3ly1fzj1ysc7p2j22c02c01l1.jpg'],https://m.weibo.cn/status/HdBpzmKyW?mblogid=HdBpzmKyW&luicode=10000011&lfid=1076032642019811,è½¬å‘å¾®åš
4331726760865533,2019-01-23,['https://wx2.sinaimg.cn/large/9d7a05e3ly1fzj1ysc7p2j22c02c01l1.jpg'],https://m.weibo.cn/status/Hdjmc3Dad?mblogid=Hdjmc3Dad&luicode=10000011&lfid=1076032642019811,"æˆ‘æ¥å•¦ <a data-url=""http://t.cn/E5E2Rnp"" href=""https://m.weibo.cn/feature/openapp?scheme=sinaweibo%3A%2F%2Fstory%2Fvertical_stream%3Fobject_id%3D1034%3A4331726747672640%26blog_mid%3D%26url_type%3D39%26object_type%3Dvideo%26pos%3D1&object_id=1034%3A4331726747672640&blog_mid=&url_type=39&object_type=video&pos=1&luicode=10000011&lfid=1076032642019811&object_id=1034%3A4331726747672640&blog_mid=&url_type=39&object_type=video&pos=1&luicode=10000011&lfid=1076032642019811"" data-hide=""""><span class='url-icon'><img style='width: 1rem;height: 1rem' src='https://h5.sinaimg.cn/upload/2015/09/25/3/timeline_card_small_video_default.png'></span><span class=""surl-text"">çºªé¦™èŠ½ç±½çš„å¾®åšè§†é¢‘</span></a> "
4323698062306939,2019-01-01,['https://wx1.sinaimg.cn/large/9d7a05e3ly1fyr6ywfifxg20f008ggwq.gif'],https://m.weibo.cn/status/H9WuG9G8H?mblogid=H9WuG9G8H&luicode=10000011&lfid=1076032642019811,æ–°çš„ä¸€å¹´ å…ƒæ—¦å¿«ä¹ğŸ’• 
4309266431396560,2018-11-22,['https://wx1.sinaimg.cn/large/9d7a05e3gy1fxh5iq38ymj20jg0jg762.jpg'],https://m.weibo.cn/status/H3T3R5Rja?mblogid=H3T3R5Rja&luicode=10000011&lfid=1076032642019811,æ™šä¸Šå¥½ 
4296697082848005,2018-10-19,['https://wx1.sinaimg.cn/large/9d7a05e3gy1fxh5iq38ymj20jg0jg762.jpg'],https://m.weibo.cn/status/GEzx2bWTz?mblogid=GEzx2bWTz&luicode=10000011&lfid=1076032642019811,hhh
4289700480903172,2018-09-29,['https://wx1.sinaimg.cn/large/9d7a05e3gy1fvqqebn756j21bn1sgk5f.jpg'],https://m.weibo.cn/status/GBDwc3MXi?mblogid=GBDwc3MXi&luicode=10000011&lfid=1076032642019811,åœ¨å—ï¼Ÿ 
4284233394651175,2018-09-14,['https://wx1.sinaimg.cn/large/9d7a05e3gy1fv9ain68q4j20hf0awaaq.jpg'],https://m.weibo.cn/status/GzlijjvYX?mblogid=GzlijjvYX&luicode=10000011&lfid=1076032642019811,"å‘¨äº”<span class=""url-icon""><img alt=[å¿ƒ] src=""https://h5.sinaimg.cn/m/emoticon/icon/others/l_xin-43af9086c0.png"" style=""width:1em; height:1em;"" /></span> "
4262490910658420,2018-07-16,['https://wx1.sinaimg.cn/large/9d7a05e3gy1ftbxf6y7ujj20j60kk40g.jpg'],https://m.weibo.cn/status/GqdFN2LhG?mblogid=GqdFN2LhG&luicode=10000011&lfid=1076032642019811,"å—“å­æœ€è¿‘è€å¡ç—° æœ‰æ²¡æœ‰ä»€ä¹ˆä¸œè¥¿åƒäº†æ¶¦å–‰å•Š<span class=""url-icon""><img alt=[å‚»çœ¼] src=""https://h5.sinaimg.cn/m/emoticon/icon/default/d_shayan-4e8000eba9.png"" style=""width:1em; height:1em;"" /></span> "
4259974299949650,2018-07-09,['https://wx1.sinaimg.cn/large/9d7a05e3gy1ftbxf6y7ujj20j60kk40g.jpg'],https://m.weibo.cn/status/GpacJFKme?mblogid=GpacJFKme&luicode=10000011&lfid=1076032642019811,"å³å°†è€ä¸€å²å•¦<span class=""url-icon""><img alt=[å‚»çœ¼] src=""https://h5.sinaimg.cn/m/emoticon/icon/default/d_shayan-4e8000eba9.png"" style=""width:1em; height:1em;"" /></span> "
4257089025466015,2018-07-01,['https://wx3.sinaimg.cn/large/9d7a05e3gy1fsup10uhbyj21a41kj1ky.jpg'],https://m.weibo.cn/status/GnX94mVXx?mblogid=GnX94mVXx&luicode=10000011&lfid=1076032642019811,èœè…¿å­. 
4251252520755427,2018-06-15,['https://wx2.sinaimg.cn/large/9d7a05e3gy1fsc2pi16fnj21kw0w0jxf.jpg'],https://m.weibo.cn/status/Glvjm3awj?mblogid=Glvjm3awj&luicode=10000011&lfid=1076032642019811,å‡Œæ™¨ä¸¤ç‚¹ æˆ‘æ”¯æŒä¸€æ‰‹è¥¿ç­ç‰™ ä½ ä»¬å‘¢â€¦ 
4244410050632427,2018-05-27,['https://wx3.sinaimg.cn/large/9d7a05e3gy1frq8v1nmb5j21cc1exb2a.jpg'],https://m.weibo.cn/status/GiDj72Ewr?mblogid=GiDj72Ewr&luicode=10000011&lfid=1076032642019811,"Pick <span class=""url-icon""><img alt=[æŠ±æŠ±] src=""https://h5.sinaimg.cn/m/emoticon/icon/default/d_baobao-820d2c9a0f.png"" style=""width:1em; height:1em;"" /></span> "
4240181852577257,2018-05-16,['https://wx3.sinaimg.cn/large/9d7a05e3gy1frq8v1nmb5j21cc1exb2a.jpg'],https://m.weibo.cn/status/GgRjraOsF?mblogid=GgRjraOsF&luicode=10000011&lfid=1076032642019811,"æ™šå®‰å“¦.<span class=""url-icon""><img alt=[å¤ªé˜³] src=""https://h5.sinaimg.cn/m/emoticon/icon/others/w_taiyang-2b1d91ddac.png"" style=""width:1em; height:1em;"" /></span> "
4236972463672952,2018-05-07,['https://wx3.sinaimg.cn/large/9d7a05e3gy1frq8v1nmb5j21cc1exb2a.jpg'],https://m.weibo.cn/status/GfvP0fpva?mblogid=GfvP0fpva&luicode=10000011&lfid=1076032642019811,å“‡
4232795087780852,2018-04-25,"['https://wx2.sinaimg.cn/large/9d7a05e3gy1fqp6v4a6b7j21ak1sgtsm.jpg', 'https://wx4.sinaimg.cn/large/9d7a05e3gy1fqp6v2dptqj21bt1tthdu.jpg']",https://m.weibo.cn/status/GdL9iwE9C?mblogid=GdL9iwE9C&luicode=10000011&lfid=1076032642019811,"é‡æ–°å‘ä¸€ä¸‹â€¦<span class=""url-icon""><img alt=[å…”å­] src=""https://h5.sinaimg.cn/m/emoticon/icon/others/d_tuzi-d2b0222faa.png"" style=""width:1em; height:1em;"" /></span>  å‡†å¤‡ç¡è§‰äº† ç¡é†’äº†å¸Œæœ›èƒ½çœ‹è§ä½ çš„è¯„è®º<span class=""url-icon""><img alt=[å…”å­] src=""https://h5.sinaimg.cn/m/emoticon/icon/others/d_tuzi-d2b0222faa.png"" style=""width:1em; height:1em;"" /></span> "
4213162763411660,2018-03-02,"['https://wx2.sinaimg.cn/large/9d7a05e3gy1fqp6v4a6b7j21ak1sgtsm.jpg', 'https://wx4.sinaimg.cn/large/9d7a05e3gy1fqp6v2dptqj21bt1tthdu.jpg']",https://m.weibo.cn/status/G5wqgejwM?mblogid=G5wqgejwM&luicode=10000011&lfid=1076032642019811,å‘€å‘€å‘€
4207864178003368,2018-02-16,['https://wx1.sinaimg.cn/large/9d7a05e3gy1fohnmj0wggj20hs0obwh6.jpg'],https://m.weibo.cn/status/G3iA9xA2A?mblogid=G3iA9xA2A&luicode=10000011&lfid=1076032642019811,"æ–°å¹´å¿«ä¹ çš®çš®èœåˆå°äº†ä¸€å² biu<span class=""url-icon""><img alt=[è´¹è§£] src=""https://h5.sinaimg.cn/m/emoticon/icon/default/d_feijie-c1df37ef03.png"" style=""width:1em; height:1em;"" /></span> "
4195057415955047,2018-01-11,['https://wx4.sinaimg.cn/large/9d7a05e3gy1fncsskx2mij22c02i7e88.jpg'],https://m.weibo.cn/status/FDSSpoZb9?mblogid=FDSSpoZb9&luicode=10000011&lfid=1076032642019811,"ç½‘ç˜¾å°‘å¥³<span class=""url-icon""><img alt=[å¹¶ä¸ç®€å•] src=""https://h5.sinaimg.cn/m/emoticon/icon/default/d_bingbujiandan-9955880b30.png"" style=""width:1em; height:1em;"" /></span> "
4194269747388788,2018-01-09,"['https://wx1.sinaimg.cn/large/9d7a05e3gy1fnaab0qplhj20zk0qoqez.jpg', 'https://wx4.sinaimg.cn/large/9d7a05e3gy1fnaab18aocj204c04vaa0.jpg']",https://m.weibo.cn/status/FDynYv0a0?mblogid=FDynYv0a0&luicode=10000011&lfid=1076032642019811,åƒé¸¡ ï¼å¿…é¡»å¾—æ‹ä¸ªç…§ç‰‡äº†ğŸ˜€ğŸ˜€ğŸ˜€ 
4192542499007373,2018-01-04,['https://wx2.sinaimg.cn/large/9d7a05e3gy1fn4rxvejywj20zy1o5u0x.jpg'],https://m.weibo.cn/status/FCPs5BNed?mblogid=FCPs5BNed&luicode=10000011&lfid=1076032642019811,"ä¸€çº§åŒ»ç–—å…µ åªæœ‰ç»·å¸¦<span class=""url-icon""><img alt=[ä½œæ–] src=""https://h5.sinaimg.cn/m/emoticon/icon/others/h_zuoyi-519f80d31c.png"" style=""width:1em; height:1em;"" /></span> "
4188511462963914,2017-12-24,"['https://wx2.sinaimg.cn/large/9d7a05e3gy1fmrwwbc9h4j20x00n3jsa.jpg', 'https://wx4.sinaimg.cn/large/9d7a05e3gy1fmrwwfb9ztj21bf0qotig.jpg', 'https://wx3.sinaimg.cn/large/9d7a05e3gy1fmrwwavtb1j21bf0qo7dh.jpg']",https://m.weibo.cn/status/FB8Aqcr34?mblogid=FB8Aqcr34&luicode=10000011&lfid=1076032642019811,"è¿™ä¸¤å¤©steamæˆ‘åŠ ä¸äº†äºº ä¸€ç‚¹è¿›åŠ å¥½å‹çš„æ—¶å€™å°±è¿™æ · <span class=""url-icon""><img alt=[å‚»çœ¼] src=""https://h5.sinaimg.cn/m/emoticon/icon/default/d_shayan-4e8000eba9.png"" style=""width:1em; height:1em;"" /></span> ç„¶å æ„Ÿè§‰æ–°çš„æ²™æ¼ åœ°å›¾ çœŸçš„å¥½éš¾æœè£…å¤‡å•Šï¼ï¼æœ€é‡è¦çš„æ˜¯ ä¸ºä»€ä¹ˆå¤–æŒ‚æ¯”ä»¥å‰æ›´å¤šäº†ã€‚ã€‚<span class=""url-icon""><img alt=[ç™½çœ¼] src=""https://h5.sinaimg.cn/m/emoticon/icon/default/d_landelini-609e5583df.png"" style=""width:1em; height:1em;"" /></span> "
4167158084356777,2017-10-26,['https://wx3.sinaimg.cn/large/9d7a05e3gy1fkvsln300oj20rs0rsjvi.jpg'],https://m.weibo.cn/status/Fsb5uihoB?mblogid=Fsb5uihoB&luicode=10000011&lfid=1076032642019811,å˜¿å˜¿å˜¿ 
4152615308788278,2017-09-16,['https://wx3.sinaimg.cn/large/9d7a05e3gy1fkvsln300oj20rs0rsjvi.jpg'],https://m.weibo.cn/status/Fm4LoASeq?mblogid=Fm4LoASeq&luicode=10000011&lfid=1076032642019811,å“ˆå“ˆå“ˆã€‚ã€‚
4137817389412338,2017-08-06,['https://wx1.sinaimg.cn/large/9d7a05e3gy1fia6uy0gzjj21bf0qoaig.jpg'],https://m.weibo.cn/status/FfRNMDuzU?mblogid=FfRNMDuzU&luicode=10000011&lfid=1076032642019811,æ‹¿ç€æˆ‘çš„å°æªå°±æ˜¯å†²å†²å†² 
4136030267112056,2017-08-01,['https://wx1.sinaimg.cn/large/9d7a05e3gy1fia6uy0gzjj21bf0qoaig.jpg'],https://m.weibo.cn/status/Ff7jktQaA?mblogid=Ff7jktQaA&luicode=10000011&lfid=1076032642019811,è½¬å‘å¾®åš
4134180701419499,2017-07-27,['https://wx1.sinaimg.cn/large/9d7a05e3gy1fhyl758dl5j20yw1atjwo.jpg'],https://m.weibo.cn/status/Felca5Xh9?mblogid=Felca5Xh9&luicode=10000011&lfid=1076032642019811,æˆ‘åœ¨éæ´² 
4132153031731260,2017-07-22,['https://wx1.sinaimg.cn/large/9d7a05e3gy1fhyl758dl5j20yw1atjwo.jpg'],https://m.weibo.cn/status/FdurJ7gny?mblogid=FdurJ7gny&luicode=10000011&lfid=1076032642019811,"æ¥å•Š ä¿®ä»™å•Š<span class=""url-icon""><img alt=[å“ˆæ¬ ] src=""https://h5.sinaimg.cn/m/emoticon/icon/default/d_dahaqi-b1824d3d83.png"" style=""width:1em; height:1em;"" /></span> "
4130888349051451,2017-07-18,['https://wx2.sinaimg.cn/large/9d7a05e3gy1fho32ocwn3j20ru0qrwsz.jpg'],https://m.weibo.cn/status/FcXxUBYH9?mblogid=FcXxUBYH9&luicode=10000011&lfid=1076032642019811,å¥½çƒ­..40åº¦äº†ï¼Ÿ 
4112430726159234,2017-05-28,['https://wx2.sinaimg.cn/large/9d7a05e3gy1fho32ocwn3j20ru0qrwsz.jpg'],https://m.weibo.cn/status/F5dnypQiu?mblogid=F5dnypQiu&luicode=10000011&lfid=1076032642019811,"<span class=""url-icon""><img alt=[ç¬‘è€Œä¸è¯­] src=""https://h5.sinaimg.cn/m/emoticon/icon/default/d_heiheihei-5170f2f55c.png"" style=""width:1em; height:1em;"" /></span>"
4110906856438401,2017-05-24,['https://wx2.sinaimg.cn/large/9d7a05e3gy1fho32ocwn3j20ru0qrwsz.jpg'],https://m.weibo.cn/status/F4zJHr0Vb?mblogid=F4zJHr0Vb&luicode=10000011&lfid=1076032642019811,æ¥å‘€ å°¬èˆå‘€
4105939537942203,2017-05-10,"['https://wx3.sinaimg.cn/large/9d7a05e3gy1ffghpkhzh8j211i1etdo5.jpg', 'https://wx4.sinaimg.cn/large/9d7a05e3gy1ffghplzk8zj211i1epgu9.jpg', 'https://wx1.sinaimg.cn/large/9d7a05e3gy1ffghq4dyjoj20u8176e31.jpg', 'https://wx3.sinaimg.cn/large/9d7a05e3gy1ffghq540coj20jg0jggmu.jpg']",https://m.weibo.cn/status/F2uvTxk83?mblogid=F2uvTxk83&luicode=10000011&lfid=1076032642019811,"å°±ï½å¾ˆä¸å¼€å¿ƒ ç°åœ¨å‘åšéƒ½æ²¡å‡ ä¸ªäººç†æˆ‘äº†<span class=""url-icon""><img alt=[ç†ŠçŒ«] src=""https://h5.sinaimg.cn/m/emoticon/icon/others/d_xiongmao-74969ad038.png"" style=""width:1em; height:1em;"" /></span><span class=""url-icon""><img alt=[ç†ŠçŒ«] src=""https://h5.sinaimg.cn/m/emoticon/icon/others/d_xiongmao-74969ad038.png"" style=""width:1em; height:1em;"" /></span> "
4103463413465832,2017-05-03,['https://wx2.sinaimg.cn/large/9d7a05e3gy1ff8ld4bzzuj20qo112grb.jpg'],https://m.weibo.cn/status/F1s69exCw?mblogid=F1s69exCw&luicode=10000011&lfid=1076032642019811,æ™šå®‰ æˆ‘çš„å®ï½ 
4098324854841162,2017-04-19,['https://wx3.sinaimg.cn/large/9d7a05e3gy1fes77n636sj21e01em1id.jpg'],https://m.weibo.cn/status/EFfStkjpg?mblogid=EFfStkjpg&luicode=10000011&lfid=1076032642019811,"èƒ–äº†å¥½å¤šï½ç­‰æˆ‘æˆåŠŸç˜¦äº†å†å‘è‡ªæ‹<span class=""url-icon""><img alt=[ä½œæ–] src=""https://h5.sinaimg.cn/m/emoticon/icon/others/h_zuoyi-519f80d31c.png"" style=""width:1em; height:1em;"" /></span>ä¸å¼€ç©ç¬‘ "
4096744243332862,2017-04-15,['https://wx3.sinaimg.cn/large/9d7a05e3gy1fes77n636sj21e01em1id.jpg'],https://m.weibo.cn/status/EEAL6dZ1Q?mblogid=EEAL6dZ1Q&luicode=10000011&lfid=1076032642019811,è½¬å‘å¾®åš
4094322473932664,2017-04-08,['https://wx1.sinaimg.cn/large/9d7a05e3gy1feffj9o01ej211b1e0hdt.jpg'],https://m.weibo.cn/status/EDzL1gv44?mblogid=EDzL1gv44&luicode=10000011&lfid=1076032642019811,"ä¸¾é«˜é«˜<span class=""url-icon""><img alt=[ä½œæ–] src=""https://h5.sinaimg.cn/m/emoticon/icon/others/h_zuoyi-519f80d31c.png"" style=""width:1em; height:1em;"" /></span><span class=""url-icon""><img alt=[doge] src=""https://h5.sinaimg.cn/m/emoticon/icon/others/d_doge-be7f768d78.png"" style=""width:1em; height:1em;"" /></span> ä½ ä¸¾ä¸åŠ¨<span class=""url-icon""><img alt=[ä½œæ–] src=""https://h5.sinaimg.cn/m/emoticon/icon/others/h_zuoyi-519f80d31c.png"" style=""width:1em; height:1em;"" /></span> "
4085516268165555,2017-03-15,['https://wx1.sinaimg.cn/large/9d7a05e3gy1feffj9o01ej211b1e0hdt.jpg'],https://m.weibo.cn/status/EzSFsygev?mblogid=EzSFsygev&luicode=10000011&lfid=1076032642019811,"ä¸€ç›´ä»¥ä¸ºå¤©æ°”æš–å’Œäº†  ç„¶è€Œâ€¦<span class=""url-icon""><img alt=[ä½œæ–] src=""https://h5.sinaimg.cn/m/emoticon/icon/others/h_zuoyi-519f80d31c.png"" style=""width:1em; height:1em;"" /></span> "
4083832632381824,2017-03-10,['https://wx4.sinaimg.cn/large/9d7a05e3gy1fdhypwf499j21031e01kx.jpg'],https://m.weibo.cn/status/EzaRV9ZCw?mblogid=EzaRV9ZCw&luicode=10000011&lfid=1076032642019811,ä»Šå¤©çš„æˆ‘<br />( Ì€âŒ„ Ì) 
4083097387293062,2017-03-08,"['https://wx1.sinaimg.cn/large/9d7a05e3gy1fdfmb48f6rj210w1eywll.jpg', 'https://wx1.sinaimg.cn/large/9d7a05e3gy1fdfmas0o2nj211e1bwav7.jpg', 'https://wx1.sinaimg.cn/large/9d7a05e3gy1fdfmaq6mzgj211l1efu0x.jpg']",https://m.weibo.cn/status/EyRK2uBg2?mblogid=EyRK2uBg2&luicode=10000011&lfid=1076032642019811,å„ä½å°å¯çˆ±èŠ‚æ—¥å¿«ä¹ğŸ‰<br />å¹¶ä¸”çˆ±ä½  ğŸ€ è®©æˆ‘çœ‹çœ‹æœ‰å¤šå°‘å°å¯çˆ±åœ¨ 
4083026697172299,2017-03-08,"['https://wx1.sinaimg.cn/large/9d7a05e3gy1fdfmb48f6rj210w1eywll.jpg', 'https://wx1.sinaimg.cn/large/9d7a05e3gy1fdfmas0o2nj211e1bwav7.jpg', 'https://wx1.sinaimg.cn/large/9d7a05e3gy1fdfmaq6mzgj211l1efu0x.jpg']",https://m.weibo.cn/status/EyPU1u5Qf?mblogid=EyPU1u5Qf&luicode=10000011&lfid=1076032642019811,å¹²äº†è¿™ç¢—æ»‘ç¨½
4082757644785163,2017-03-07,"['https://wx1.sinaimg.cn/large/9d7a05e3gy1fdfmb48f6rj210w1eywll.jpg', 'https://wx1.sinaimg.cn/large/9d7a05e3gy1fdfmas0o2nj211e1bwav7.jpg', 'https://wx1.sinaimg.cn/large/9d7a05e3gy1fdfmaq6mzgj211l1efu0x.jpg']",https://m.weibo.cn/status/EyIU4k4Q3?mblogid=EyIU4k4Q3&luicode=10000011&lfid=1076032642019811,"<span class=""url-icon""><img alt=[doge] src=""https://h5.sinaimg.cn/m/emoticon/icon/others/d_doge-be7f768d78.png"" style=""width:1em; height:1em;"" /></span><span class=""url-icon""><img alt=[doge] src=""https://h5.sinaimg.cn/m/emoticon/icon/others/d_doge-be7f768d78.png"" style=""width:1em; height:1em;"" /></span><span class=""url-icon""><img alt=[doge] src=""https://h5.sinaimg.cn/m/emoticon/icon/others/d_doge-be7f768d78.png"" style=""width:1em; height:1em;"" /></span>"
4078789422531040,2017-02-24,['https://wx4.sinaimg.cn/large/9d7a05e3gy1fd1vl7f61sj20m80vataf.jpg'],https://m.weibo.cn/status/Ex3FIaCre?mblogid=Ex3FIaCre&luicode=10000011&lfid=1076032642019811,é‚£ä½ æ„¿æ„åšåªå°çŒ«å’ªå—ï¼Ÿï¼Ÿ 
4075850188300363,2017-02-16,['https://wx1.sinaimg.cn/large/9d7a05e3gy1fcsi0ygg98j20qo10awkn.jpg'],https://m.weibo.cn/status/EvPd0yPiP?mblogid=EvPd0yPiP&luicode=10000011&lfid=1076032642019811,è§‰å¾—è‡ªå·±åƒåªå’¸é±¼ 
4074034679024070,2017-02-11,['https://wx4.sinaimg.cn/large/9d7a05e3gy1fcmpd1eq9dj20jh0rutrz.jpg'],https://m.weibo.cn/status/Ev3YLBRzw?mblogid=Ev3YLBRzw&luicode=10000011&lfid=1076032642019811,å…ƒå®µèŠ‚ ï½å¼€åƒï½ 
4069273091201135,2017-01-29,"['https://wx4.sinaimg.cn/large/9d7a05e3gy1fc7inmb5ryj20qo0zkdm1.jpg', 'https://wx4.sinaimg.cn/large/9d7a05e3gy1fc7inmuofkj20qo0zkdmh.jpg']",https://m.weibo.cn/status/Et46N52t9?mblogid=Et46N52t9&luicode=10000011&lfid=1076032642019811,"é¸¡å¹´å¤§å‰å§<span class=""url-icon""><img alt=[ç¬‘å“ˆå“ˆ] src=""https://h5.sinaimg.cn/m/emoticon/icon/lxh/lxh_xiaohaha-56dbc288a5.png"" style=""width:1em; height:1em;"" /></span><span class=""url-icon""><img alt=[ç¬‘å“ˆå“ˆ] src=""https://h5.sinaimg.cn/m/emoticon/icon/lxh/lxh_xiaohaha-56dbc288a5.png"" style=""width:1em; height:1em;"" /></span> "
